id,name,email,created_at
1,Michael,ramoshannah@dunlap.com,2023-02-01 21:28:00
2,Joshua,harellano@hotmail.com,2023-02-10 17:53:00
3,Charles,duncanmichael@hotmail.com,2023-04-17 23:54:00
4,Richard,gclark@hotmail.com,2023-06-09 17:15:00
5,Andrea,richardwoods@yahoo.com,2023-02-10 17:54:00
6,Edward,leeaimee@hotmail.com,2023-06-18 00:13:00
7,Angela,sherry63@hotmail.com,2023-05-18 08:55:00
8,Judy,steven29@smith.com,2023-02-09 17:30:00
9,Catherine,jessicawhitney@yahoo.com,2023-03-04 23:03:00
10,Amanda,candacerussell@mullins.info,2023-06-05 19:28:00
11,Cory,desireecherry@thomas.com,2023-03-11 06:43:00
12,Michael,xyoung@fowler-ray.com,2023-06-04 22:32:00
13,Derek,vincent07@gmail.com,2023-01-15 15:07:00
14,Michelle,martinezdevon@reyes-bass.com,2023-06-12 19:08:00
15,Kelly,cgreen@benitez.info,2023-05-12 17:14:00
16,Veronica,heather84@gmail.com,2023-02-13 18:34:00
17,Hannah,sbuchanan@wagner.com,2023-06-29 06:58:00
18,Kathy,ehebert@hotmail.com,2023-02-16 00:52:00
19,Sheri,kpowell@hotmail.com,2023-06-10 22:01:00
20,Guy,angela60@hotmail.com,2023-04-01 21:33:00
21,Crystal,ortegakenneth@yahoo.com,2023-05-09 12:55:00
22,Thomas,coopermichael@hotmail.com,2023-03-24 03:21:00
23,Debra,stephanie02@hotmail.com,2023-01-03 10:49:00
24,Michael,qreed@butler.com,2023-06-19 22:16:00
25,Ryan,briandaniels@herring.com,2023-03-11 19:53:00
26,Erica,moorestephanie@hotmail.com,2023-01-28 20:43:00
27,Anna,ccoleman@moore-garcia.net,2023-03-21 02:46:00
28,Daniel,bthompson@hotmail.com,2023-03-14 21:17:00
29,Brandi,curtis25@park.info,2023-03-05 06:50:00
30,James,nguyenbrian@ray-jones.biz,2023-01-13 18:04:00
31,Brett,thomassabrina@gmail.com,2023-05-02 11:32:00
32,Jessica,shannonmoran@gmail.com,2023-04-22 00:55:00
33,Peter,gonzalezwilliam@gmail.com,2023-05-10 20:05:00
34,Alan,kayla71@yahoo.com,2023-02-24 18:03:00
35,Jillian,bboone@yahoo.com,2023-06-01 14:21:00
36,Andrew,vincent95@gmail.com,2023-02-04 20:07:00
37,Robert,johnsonbrittney@gmail.com,2023-04-30 09:47:00
38,Alan,thomasvirginia@anderson.com,2023-05-31 12:55:00
39,Karen,danielchad@hill.com,2023-04-17 05:04:00
40,Caleb,osmith@gmail.com,2023-06-14 16:04:00
41,Melissa,moralestracy@jones.com,2023-03-04 03:58:00
42,Carrie,oparker@yahoo.com,2023-03-09 06:04:00
43,Clifford,elarson@yahoo.com,2023-02-17 14:47:00
44,Jasmine,ogutierrez@carter-green.info,2023-04-06 22:13:00
45,Benjamin,ritaking@collier-jackson.org,2023-05-21 10:54:00
46,Daniel,liurobin@white.com,2023-06-07 17:38:00
47,Charles,mwelch@ruiz.com,2023-02-13 06:31:00
48,Robert,kyliegentry@parks.com,2023-01-26 15:42:00
49,James,rachael24@gmail.com,2023-01-24 15:41:00
50,Rebecca,ljimenez@stone.net,2023-02-16 15:00:00
51,Christopher,michelletanner@yahoo.com,2023-04-21 15:45:00
52,Melanie,jeffreylewis@hotmail.com,2023-03-01 19:36:00
53,Shannon,kimberly89@perry-hernandez.com,2023-04-01 07:49:00
54,Ian,randall07@gmail.com,2023-01-10 01:27:00
55,Sarah,shannon11@hotmail.com,2023-03-23 13:27:00
56,Christine,shirley45@hotmail.com,2023-06-17 21:01:00
57,Joshua,thomasolson@webb-beard.biz,2023-03-29 04:03:00
58,Mallory,jdavis@farley-holland.com,2023-04-20 03:40:00
59,Roy,vegashannon@yahoo.com,2023-03-22 02:11:00
60,John,rebeccamoore@hotmail.com,2023-03-28 20:19:00
61,Catherine,sheltonjohn@gmail.com,2023-02-21 13:41:00
62,David,maryblackburn@hotmail.com,2023-04-22 03:23:00
63,Sherry,baileyrobin@smith-cunningham.net,2023-03-06 19:43:00
64,Stephanie,pkeith@sims-lewis.com,2023-02-13 07:33:00
65,Randy,sowens@gross.com,2023-06-29 10:33:00
66,Morgan,kmartinez@schroeder.com,2023-04-06 14:55:00
67,Danielle,samantharodriguez@hotmail.com,2023-05-20 18:27:00
68,Cynthia,jenniferwest@yahoo.com,2023-05-28 12:44:00
69,Sandy,blairmiguel@yahoo.com,2023-06-22 07:50:00
70,Amanda,amy33@gmail.com,2023-01-11 01:16:00
71,Claire,domingueztravis@walsh-hurley.com,2023-05-22 20:13:00
72,Brett,brandon76@hotmail.com,2023-03-25 07:59:00
73,Anthony,jbennett@gmail.com,2023-02-04 14:21:00
74,Michelle,espinozamaria@jones.net,2023-01-07 03:51:00
75,Lisa,kyle95@yahoo.com,2023-04-15 11:20:00
76,Brenda,gomezpaul@gmail.com,2023-06-18 14:06:00
77,Jose,reyesrichard@hayes.net,2023-02-13 02:47:00
78,Valerie,cmiller@gmail.com,2023-06-15 01:24:00
79,Benjamin,megan66@woods.com,2023-05-21 13:12:00
80,Jeremy,ramoskevin@jordan-peck.com,2023-04-18 12:42:00
81,Amanda,connieedwards@hotmail.com,2023-01-14 02:19:00
82,Melanie,cory10@jones.biz,2023-06-25 04:18:00
83,John,ccharles@yahoo.com,2023-06-12 21:18:00
84,Jeremy,campbellmary@gmail.com,2023-05-29 11:36:00
85,Clinton,bradley54@gmail.com,2023-01-14 14:27:00
86,Kaitlyn,josephadams@dominguez.com,2023-05-25 03:27:00
87,Tracy,tiffany75@brown.com,2023-03-10 15:27:00
88,Christopher,olsenann@gmail.com,2023-01-03 04:47:00
89,Jared,rebecca79@meyer.org,2023-03-20 08:55:00
90,Melissa,ronald71@buckley.com,2023-05-14 10:46:00
91,Joe,cunninghamjoseph@yahoo.com,2023-05-03 22:05:00
92,Jennifer,michael76@morgan.com,2023-01-15 06:48:00
93,Brian,jessica72@yahoo.com,2023-05-26 16:22:00
94,Carolyn,andersonjanet@johnson.com,2023-01-09 17:15:00
95,Julie,eandrews@yahoo.com,2023-03-17 07:45:00
96,John,toddsanchez@hotmail.com,2023-05-21 01:56:00
97,Whitney,stephanie55@hotmail.com,2023-05-24 09:00:00
98,Charles,wilsonolivia@hotmail.com,2023-06-21 04:33:00
99,Hannah,gclark@white-baker.net,2023-03-01 11:47:00
100,Joe,zwalter@lewis-green.info,2023-01-07 15:24:00
